{
	"format_version": "1.8.0",
	"animations": {
		"OH NO": {
			"animation_length": 2.0833,
			"bones": {
				"head_part": {
					"rotation": {
						"0.0": [0, 0, 0],
						"0.2917": [-11.4592, 0, 0],
						"2.0": [-11.4592, 0, 0],
						"2.0833": [0, 0, 0]
					}
				},
				"right_arms": {
					"rotation": {
						"0.0": [0, 0, 0],
						"0.2917": [-103.132, -51.5662, 0],
						"2.0": [-103.132, -51.5662, 0],
						"2.0833": [0, 0, 0]
					}
				},
				"left_arms": {
					"rotation": {
						"0.0": [0, 0, 0],
						"0.2917": [-103.132, 51.5662, 0],
						"2.0": [-103.132, 51.5662, 0],
						"2.0833": [0, 0, 0]
					}
				}
			}
		},
		"Jotaro": {
			"animation_length": 3.1667,
			"bones": {
				"head_part": {
					"rotation": {
						"0.0": [0, 0, 0],
						"0.2917": [-2.86479, 11.4592, -4.58366],
						"2.9583": [-2.86479, 11.4592, -4.58366],
						"3.0833": [0, 0, 0]
					}
				},
				"upper_body": {
					"rotation": {
						"0.0": [0, 0, 0],
						"0.2917": [0, 0, 0],
						"2.9583": [0, 0, 0],
						"3.0833": [0, 0, 0]
					}
				},
				"right_arms": {
					"rotation": {
						"0.0": [0, 0, 0],
						"0.2917": [-93.04047, 65.05084, 4.53436],
						"2.9583": [-93.04047, 65.05084, 4.53436],
						"3.0833": [0, 0, 0]
					},
					"position": {
						"0.0": [0, 0, 0],
						"0.2917": [-0.16, -1.29, -2.5],
						"2.9583": [-0.16, -1.29, -2.5],
						"3.0833": [0, 0, 0]
					}
				},
				"right_legs": {
					"rotation": {
						"0.0": [0, 0, 0],
						"0.2917": [0, 0, 0],
						"2.9583": [0, 0, 0],
						"3.0833": [0, 0, 0]
					}
				},
				"left_legs": {
					"rotation": {
						"0.0": [0, 0, 0],
						"0.2917": [0, 0, 0],
						"2.9583": [0, 0, 0],
						"3.0833": [0, 0, 0]
					}
				},
				"body_part": {
					"rotation": {
						"0.0": [0, 0, 0],
						"0.2917": [0, -51.5662, 0],
						"2.9583": [0, -51.5662, 0],
						"3.0833": [0, 0, 0]
					}
				}
			}
		},
		"WRRRYYY": {
			"animation_length": 1.6865,
			"bones": {
				"head_part": {
					"rotation": {
						"0.0": [0, 0, 0],
						"0.1984": [-45.8366, 0, 0],
						"0.2976": [-11.4592, 0, 0],
						"0.3968": [-45.8366, 0, 0],
						"0.496": [-11.4592, 0, 0],
						"0.5952": [-45.8366, 0, 0],
						"0.6944": [-11.4592, 0, 0],
						"0.7937": [-45.8366, 0, 0],
						"0.8929": [-11.4592, 0, 0],
						"0.9921": [-45.8366, 0, 0],
						"1.0913": [-11.4592, 0, 0],
						"1.1905": [-45.8366, 0, 0],
						"1.2897": [-11.4592, 0, 0],
						"1.3889": [-45.8366, 0, 0],
						"1.4881": [-11.4592, 0, 0],
						"1.5873": [-11.4592, 0, 0],
						"1.6865": [0, 0, 0]
					},
					"position": {
						"0.0": [0, 0, 0],
						"0.1984": [0, -4, 9],
						"1.5873": [0, -4, 9],
						"1.6865": [0, 0, 0]
					}
				},
				"upper_body": {
					"rotation": {
						"0.0": [0, 0, 0],
						"0.1984": [-51.5662, 0, 0],
						"0.2976": [-54.43099, 0, 0],
						"0.3968": [-51.5662, 0, 0],
						"0.496": [-54.43099, 0, 0],
						"0.5952": [-51.5662, 0, 0],
						"0.6944": [-54.43099, 0, 0],
						"0.7937": [-51.5662, 0, 0],
						"0.8929": [-54.43099, 0, 0],
						"0.9921": [-51.5662, 0, 0],
						"1.0913": [-54.43099, 0, 0],
						"1.1905": [-51.5662, 0, 0],
						"1.2897": [-54.43099, 0, 0],
						"1.3889": [-51.5662, 0, 0],
						"1.4881": [-54.43099, 0, 0],
						"1.5873": [-54.43099, 0, 0],
						"1.6865": [0, 0, 0]
					}
				},
				"right_arms": {
					"rotation": {
						"0.0": [0, 0, 0],
						"0.1984": [42.45758, 39.67738, 98.62004],
						"0.2976": [0, 57.3, 45.8366],
						"0.3968": [42.45758, 39.67738, 98.62004],
						"0.496": [0, 57.3, 45.8366],
						"0.5952": [42.45758, 39.67738, 98.62004],
						"0.6944": [0, 57.3, 45.8366],
						"0.7937": [42.45758, 39.67738, 98.62004],
						"0.8929": [0, 57.3, 45.8366],
						"0.9921": [42.45758, 39.67738, 98.62004],
						"1.0913": [0, 57.3, 45.8366],
						"1.1905": [42.45758, 39.67738, 98.62004],
						"1.2897": [0, 57.3, 45.8366],
						"1.3889": [42.45758, 39.67738, 98.62004],
						"1.4881": [0, 57.3, 45.8366],
						"1.5873": [0, 57.3, 45.8366],
						"1.6865": [0, 0, 0]
					}
				},
				"left_arms": {
					"rotation": {
						"0.0": [0, 0, 0],
						"0.1984": [42.45758, -39.67738, -98.62004],
						"0.2976": [0, -57.3, -45.8366],
						"0.3968": [42.45758, -39.67738, -98.62004],
						"0.496": [0, -57.3, -45.8366],
						"0.5952": [42.45758, -39.67738, -98.62004],
						"0.6944": [0, -57.3, -45.8366],
						"0.7937": [42.45758, -39.67738, -98.62004],
						"0.8929": [0, -57.3, -45.8366],
						"0.9921": [42.45758, -39.67738, -98.62004],
						"1.0913": [0, -57.3, -45.8366],
						"1.1905": [42.45758, -39.67738, -98.62004],
						"1.2897": [0, -57.3, -45.8366],
						"1.3889": [42.45758, -39.67738, -98.62004],
						"1.4881": [0, -57.3, -45.8366],
						"1.5873": [0, -57.3, -45.8366],
						"1.6865": [0, 0, 0]
					}
				},
				"right_legs": {
					"rotation": {
						"0.0": [0, 0, 0],
						"0.1984": [0, 0, 11.4592],
						"1.5873": [0, 0, 11.4592],
						"1.6865": [0, 0, 0]
					}
				},
				"left_legs": {
					"rotation": {
						"0.0": [0, 0, 0],
						"0.1984": [0, 0, -11.4592],
						"1.5873": [0, 0, -11.4592],
						"1.6865": [0, 0, 0]
					}
				}
			}
		},
		"Jonathan": {
			"animation_length": 2.0417,
			"bones": {
				"head_part": {
					"rotation": {
						"0.0": [0, 0, 0],
						"0.4167": [0, 0, 0],
						"1.875": [0, 0, 0],
						"2.0417": [0, 0, 0]
					}
				},
				"upper_body": {
					"rotation": {
						"0.0": [0, 0, 0],
						"0.4167": [0, 0, 5.72958],
						"1.875": [0, 0, 5.72958],
						"2.0417": [0, 0, 0]
					}
				},
				"right_arms": {
					"rotation": {
						"0.0": [0, 0, 0],
						"0.4167": [0, 76.77634, 34.37748],
						"1.875": [0, 76.77634, 34.37748],
						"2.0417": [0, 0, 0]
					}
				},
				"left_arms": {
					"rotation": {
						"0.0": [0, 0, 0],
						"0.4167": [-82.50592, 45.8366, 80.2141],
						"1.875": [-82.50592, 45.8366, 80.2141],
						"2.0417": [0, 0, 0]
					}
				},
				"right_legs": {
					"rotation": {
						"0.0": [0, 0, 0],
						"0.4167": [0, 0, 11.4592],
						"1.875": [0, 0, 11.4592],
						"2.0417": [0, 0, 0]
					}
				},
				"left_legs": {
					"rotation": {
						"0.0": [0, 0, 0],
						"0.4167": [0, 0, -11.4592],
						"1.875": [0, 0, -11.4592],
						"2.0417": [0, 0, 0]
					}
				}
			}
		},
		"Giorno": {
			"animation_length": 2.625,
			"bones": {
				"playerlike": {
					"rotation": {
						"0.0": [0, 0, 0],
						"0.5": [0, 68.7549, 0],
						"2.5": [0, 68.7549, 0],
						"2.625": [0, 0, 0]
					}
				},
				"head_part": {
					"rotation": {
						"0.0": [0, 0, 0],
						"0.5": [11.4592, 22.9183, 0],
						"2.5": [11.4592, 22.9183, 0],
						"2.625": [0, 0, 0]
					}
				},
				"upper_body": {
					"rotation": [0, 0, 0]
				},
				"right_arms": {
					"rotation": {
						"0.0": [0, 0, 0],
						"0.5": [-68.7549, 0, 108.862],
						"2.5": [-68.7549, 0, 108.862],
						"2.625": [0, 0, 0]
					},
					"position": {
						"0.0": [0, 0, 0],
						"0.5": [-0.6, -2.4, 0],
						"2.5": [-0.6, -2.4, 0],
						"2.625": [0, 0, 0]
					}
				},
				"left_arms": {
					"rotation": {
						"0.0": [0, 0, 0],
						"0.5": [-17.1887, 0, 28.6479],
						"2.5": [-17.1887, 0, 28.6479],
						"2.625": [0, 0, 0]
					}
				},
				"right_legs": {
					"rotation": [0, 0, 0]
				},
				"left_legs": {
					"rotation": [0, 0, 0]
				}
			}
		},
		"Koichi": {
			"animation_length": 0.4167,
			"bones": {
				"head_part": {
					"rotation": {
						"0.0": [0, 0, 0],
						"0.4167": [0, 0, 0]
					}
				}
			}
		}
	}
}